DROP DATABASE IF EXISTS parceldeliverydb;
CREATE DATABASE IF NOT EXISTS `ParcelDeliveryDB`;

CREATE TABLE IF NOT EXISTS `tblCounties` (
  `CountyID` int(11) NOT NULL AUTO_INCREMENT,
  `CountyName` varchar(50) DEFAULT NULL,
  PRIMARY KEY (`CountyID`),
  KEY `CountyID` (`CountyID`)
) ENGINE=InnoDB  DEFAULT CHARSET=utf8 AUTO_INCREMENT=1;

CREATE TABLE IF NOT EXISTS `tblPostTowns` (
  `PostTownID` int(11) NOT NULL AUTO_INCREMENT,
  `PostTownName` varchar(50) DEFAULT NULL,
  `CountyID` int(11) DEFAULT NULL,
  PRIMARY KEY (`PostTownID`),
  KEY `PostTownID` (`PostTownID`),
  FOREIGN KEY (`CountyID`) REFERENCES `tblCounties` (`CountyID`)
) ENGINE=InnoDB  DEFAULT CHARSET=utf8 AUTO_INCREMENT=1;

CREATE TABLE IF NOT EXISTS `tblLocations` (
  `LocationID` int(11) NOT NULL AUTO_INCREMENT,
  `LocationName` varchar(50) DEFAULT NULL,
  `PostTownID` int(11) DEFAULT NULL,
  `Latitude` decimal(10,6) DEFAULT NULL,
  `Longitude` decimal(10,6) DEFAULT NULL,
  PRIMARY KEY (`LocationID`),
  FOREIGN KEY (`PostTownID`) REFERENCES `tblPostTowns` (`PostTownID`)
) ENGINE=InnoDB  DEFAULT CHARSET=utf8 AUTO_INCREMENT=1;

CREATE TABLE IF NOT EXISTS `tblDrivers` (
  `DriverID` int(11) NOT NULL AUTO_INCREMENT,
  `Title` varchar(25) DEFAULT NULL,
  `FirstName` varchar(20) DEFAULT NULL,
  `LastName` varchar(30) DEFAULT NULL,
  `Address1` varchar(50) DEFAULT NULL,
  `LocationID` int(11) DEFAULT NULL,
  `PostCode` varchar(10) DEFAULT NULL,
  `HomePhone` varchar(15) DEFAULT NULL,
  `EmployedNow` tinyint(1) DEFAULT '0',
  PRIMARY KEY (`DriverID`),
  KEY `DriverID` (`DriverID`),
  FOREIGN KEY (`LocationID`) REFERENCES `tblLocations` (`LocationID`)
) ENGINE=InnoDB  DEFAULT CHARSET=utf8 AUTO_INCREMENT=1 ;

CREATE TABLE IF NOT EXISTS `tblVehicles` (
  `VehicleID` int(11) NOT NULL AUTO_INCREMENT,
  `VehicleName` varchar(40) DEFAULT NULL,
  `Numberplate` varchar(10) DEFAULT NULL,
  `WeightClass` int(5) DEFAULT NULL,
  `ActiveNow` tinyint(1) DEFAULT '0',
  PRIMARY KEY (`VehicleID`),
  KEY `VehicleID` (`VehicleID`)
) ENGINE=InnoDB  DEFAULT CHARSET=utf8 AUTO_INCREMENT=1 ;

CREATE TABLE IF NOT EXISTS `tblShiftTypes` (
  `ShiftTypeID` int(11) NOT NULL AUTO_INCREMENT,
  `ShiftName` varchar(50) DEFAULT NULL,
  PRIMARY KEY (`ShiftTypeID`),
  KEY `ShiftTypeID` (`ShiftTypeID`)
) ENGINE=InnoDB  DEFAULT CHARSET=utf8 AUTO_INCREMENT=1;

CREATE TABLE IF NOT EXISTS `tblEmployees` (
  `EmployeeID` int(11) NOT NULL AUTO_INCREMENT,
  `DriverID` int(11) DEFAULT NULL,
  `VehicleID` int(11) DEFAULT NULL,
  `ShiftTypeID` int(11) DEFAULT NULL,
  PRIMARY KEY (`EmployeeID`),
  KEY `EmployeeID` (`EmployeeID`),
  FOREIGN KEY (`DriverID`) REFERENCES `tblDrivers` (`DriverID`),
  FOREIGN KEY (`VehicleID`) REFERENCES `tblVehicles` (`VehicleID`),
  FOREIGN KEY (`ShiftTypeID`) REFERENCES `tblShiftTypes` (`ShiftTypeID`)
) ENGINE=InnoDB  DEFAULT CHARSET=utf8 AUTO_INCREMENT=1 ;

CREATE TABLE IF NOT EXISTS `tblParcelStatus` (
  `ParcelStatusID` int(11) NOT NULL AUTO_INCREMENT,
  `StatusName` varchar(50) DEFAULT NULL,
  PRIMARY KEY (`ParcelStatusID`),
  KEY `ParcelStatusID` (`ParcelStatusID`)
) ENGINE=InnoDB  DEFAULT CHARSET=utf8 AUTO_INCREMENT=1;

CREATE TABLE IF NOT EXISTS `tblParcels` (
  `ParcelID` int(11) NOT NULL AUTO_INCREMENT,
  `ParcelName` varchar(50) DEFAULT NULL,
  `Weight` int(5),
  `ParcelStatusID` int(11),
  PRIMARY KEY (`ParcelID`),
  KEY `ParcelID` (`ParcelID`),
  FOREIGN KEY (`ParcelStatusID`) REFERENCES `tblParcelStatus` (`ParcelStatusID`)
) ENGINE=InnoDB  DEFAULT CHARSET=utf8 AUTO_INCREMENT=1;

CREATE TABLE IF NOT EXISTS `tblDeliveries` (
  `DeliveryID` int(11) NOT NULL AUTO_INCREMENT,
  `CurrentDate` date DEFAULT NULL,
  `ParcelID` int(11) DEFAULT NULL,
  `EmployeeID` int(11) DEFAULT NULL,
  `LocationStart` int(11) DEFAULT NULL,
  `LocationEnd` int(11) DEFAULT NULL,
  `TimeDelivered` time DEFAULT NULL,
  PRIMARY KEY (`DeliveryID`),
  KEY `DeliveryID` (`DeliveryID`),
  FOREIGN KEY (`ParcelID`) REFERENCES `tblParcels` (`ParcelID`),
  FOREIGN KEY (`EmployeeID`) REFERENCES `tblEmployees` (`EmployeeID`),
  FOREIGN KEY (`LocationStart`) REFERENCES `tblLocations` (`LocationID`),
  FOREIGN KEY (`LocationEnd`) REFERENCES `tblLocations` (`LocationID`)
) ENGINE=InnoDB  DEFAULT CHARSET=utf8 AUTO_INCREMENT=1;

# Counties table
INSERT INTO `tblCounties` (`CountyID`, `CountyName`) VALUES 
(1, 'Northamptonshire'), (2, 'Lincolnshire'), (3, 'Cheshire');

# PostTowns table
INSERT INTO `tblPostTowns` (`PostTownID`, `PostTownName`, `CountyID`) VALUES 
(1, 'Northampton', 1),
(2, 'Wellingborough', 1),
(3, 'Rushden', 1),
(4, 'Daventry', 1),
(5, 'Towchester', 1),
(6, 'Brackley', 1),
(7, 'Kettering', 1),
(8, 'Corby', 1);

# Locations table
INSERT INTO `tblLocations` (`LocationID`, `LocationName`, `PostTownID`, `Latitude`, `Longitude`) VALUES 
(1, 'Northampton', 1, 52.240476, -0.893753),(2, 'Kingsthorpe', 1, 52.2625, -0.9),(3, 'Boughton', 1, 52.285, -0.898),
(4, 'Moulton', 1, 52.28922, -0.84907),(5, 'Weston Favell', 1, 52.25, 0.846),(6, 'Brackmills', 1, 52.2104, -0.8795),
(7, 'East Hunsbury', 1, 52.207333, -0.9),(8, 'Far Cotton', 1, 52.21961, -0.90356),(9, 'Grange Park', 1, 52.18998, -0.8829),
(10, 'Great Houghton', 1, 52.22275, -0.841141),(11, 'Hardingstone', 1, 52.2104, -0.8795),(12, 'West Hunsbury', 1, 52.217, -0.924),
(13, 'Wootton', 1, 52.20066, -0.88569),(14, 'Duston', 1, 52.247, -0.9437),(15, 'Brixworth', 1, 52.329, -0.904),
(16, 'Cold Ashby', 1, 52.3826, -1.0391),(17, 'Crick', 1, 52.3484, -1.1374),(18, 'Earls Barton', 1, 52.263, -0.746),
(19, 'Ecton', 1, 52.265, -0.787),(20, 'Guisborough', 1, 52.3554, -1.0103),(21, 'Long Buckby', 1, 52.303, -1.081),
(22, 'Spratton', 1, 52.3233, -0.9509),(23, 'Sywell', 1, 52.2994, -0.7893),(24, 'West Haddon', 1, 52.340, -1.077),
(25, 'Chapel Brampton', 1, 52.2976, -0.9417),(26, 'Church Brampton', 1, 52.2830, -0.9533),(27, 'Blisworth', 1, 52.175, -0.937),
(28, 'Bugbrooke', 1, 52.21055, -1.010613),(29, 'Castle Ashby', 1, 52.2271, -0.7417),(30, 'Cogenhoe', 1, 52.237, -0.793),
(31, 'Dodford', 1, 52.23, -1.10),(32, 'Flore', 1, 52.2388, -1.0569),(33, 'Gayton', 1, 52.185, -0.974),
(34, 'Grafton Regis', 1, 52.1145, -0.8965),(35, 'Hackleton', 1, 52.18879, -0.82295),(36, 'Harpole', 1, 52.241603, -0.990786),
(37, 'Harlestone', 1, 52.2740, -0.9682),(38, 'Hartwell', 1, 52.147, -0.854),(39, 'Horton', 1, 52.1827, -0.8041),
(40, 'Milton Malsor', 1, 52.194, -0.927),(41, 'Nether Heyford', 1, 52.227221, -1.030054),(42, 'Piddington', 1, 52.18344, -0.82778),
(43, 'Preston Deanery', 1, 52.1937, -0.8474),(44, 'Quinton', 1, 52.1833, -0.8679),(45, 'Roade', 1, 52.156, -0.897),
(46, 'Rothersthorpe', 1, 52.201685, -0.95367),(47, 'Stoke Bruerne', 1, 52.1424, -0.9156),(48, 'Weedon Bec', 1, 52.23101, -1.08045),
(49, 'Yardley Gobion', 1, 52.09578, -0.88318),(50, 'Yardley Hastings', 1, 52.204, -0.734),(51, 'Wellingborough', 1, 52.2939, -0.6964),
(52, 'Wilby', 1, 52.2898, -0.7332),(53, 'Chelveston', 1, 52.337, -0.548),(54, 'Finedon', 1, 52.340, -0.649),
(55, 'Great Harrowden', 1, 52.329, -0.710),(56, 'Irthlingborough', 1, 52.324, -0.614),(57, 'Little Harrowden', 1, 52.3348, -0.7319),
(58, 'Raunds', 1, 52.345, -0.537),(59, 'Higham Ferrers', 1, 52.3057, -0.5844),(60, 'Rushden', 1, 52.288, -0.601),
(61, 'Wymington', 1, 52.27, -0.60),(62, 'Braunston', 1, 52.292, -1.209),(63, 'Daventry', 1, 52.26, -1.16),
(64, 'Greens Norton', 1, 52.142, -1.024),(65, 'Hinton', 1, 52.168, -1.217),(66, 'Moreton Pinkney', 1, 52.138, -1.163),
(67, 'Welton', 1, 52.28929, -1.148929),(68, 'Lower Shuckburgh', 1, 52.258133, -1.289356),(69, 'Abthorpe', 1, 52.113, -1.052),
(70, 'Caswell', 1, 52.15439, -1.04914),(71, 'Greens Norton', 1, 52.142, -1.024),(72, 'Silverstone', 1, 52.090, -1.024),
(73, 'Towcester', 1, 52.13, -0.99),(74, 'Weston', 1, 52.1163, -1.1398),(75, 'Brackley', 1, 52.032, -1.147),
(76, 'Croughton', 1, 51.99729, -1.20906),(77, 'Farthinghoe', 1, 52.0513, -1.2212),(78, 'Hinton-in-the-Hedges', 1, 52.0251, -1.1885),
(79, 'Westbury', 1, 52.0169, -1.0933),(80, 'Turweston', 1, 52.0347, -1.1246),(81, 'Mixbury', 1, 52.004, -1.114),
(82, 'Broughton', 1, 52.3712, -0.7750),(83, 'Desborough', 1, 52.4398, -0.8172),(84, 'Geddington', 1, 52.438, -0.687),
(85, 'Isham', 1, 52.3529, -0.7024),(86, 'Pytchley', 1, 52.3619, -0.7458),(87, 'Rothwell', 1, 52.4254, -0.8029),
(88, 'Thorpe Malsor', 1, 52.377, -0.828),(89, 'Thrapston', 1, 52.397, -0.538),(90, 'Hardwick', 1, 52.320, -0.755),
(91, 'Burton Latimer', 1, 52.365, -0.678),(92, 'Barton Seagrave', 1, 52.3792, -0.6939),(93, 'Kettering', 1, 52.39312, -0.72292),
(94, 'Bulwick', 1, 52.540, -0.5934),(95, 'Corby', 1, 52.4914, -0.69645),(96, 'Great Oakley', 1, 52.4627, -0.7191),
(97, 'Little Oakley', 1, 52.4633, -0.6832),(98, 'Bozeat', 1, 52.2173, -0.6621),(99, 'Great Doddington', 1, 52.2717, -0.7191),
(100, 'Irchester', 1, 52.2783, -0.6555),(101, 'Podington', 1, 52.254, -0.623),(102, 'Wollaston', 1, 52.25638, -0.66944);

# Drivers table
INSERT INTO `tblDrivers` (`DriverID`, `Title`, `FirstName`, `LastName`, `Address1`, `LocationID`, `PostCode`, `HomePhone`, `EmployedNow`) VALUES
(1, 'Mr', 'Garrett', 'Kocher', '53 Rhumach Way', 92, 'NN15 4TR', '07959 536555', 0),
(2, 'Mr', 'Edgar', 'Boone', '67 St Andrews Lane', 54, 'NN9 1ZT', '07885 207497', 0),
(3, 'Miss', 'Nicole', 'Moller', '79 Holgate Rd', 72, 'NN12 7XZ', '07732 951108', 0),
(4, 'Mr', 'Robert', 'Runyon', '28 Park Avenue', 96, 'NN18 0GL', '07855 915018', 0),
(5, 'Mr', 'Donald', 'Smith', '45 Hudson St', 2, 'NN2 2ZF', '07758 665809', 0),
(6, 'Mrs', 'Marie', 'Truitt', '50 City Rd', 1, 'NN1 3SA', '07818 376408', 0),
(7, 'Mrs', 'Vickie', 'Rodgers', '86 Church Way', 15, 'NN6 7LF', '07957 848445', 0),
(8, 'Miss', 'Kristen', 'Long', '98 Earls Avenue', 59, 'NN10 4SO', '07973 592130', 0),
(9, 'Mr', 'Aaron', 'Leitner', '69 Prospect Hill', 4, 'NN3 2QA', '07016 621939', 0),
(10, 'Mr', 'Robert', 'Arias', '49 Baldock St', 100, 'NN29 5TZ', '07815 767434', 0);

# Vehicles table
INSERT INTO `tblVehicles` (`VehicleID`, `VehicleName`, `Numberplate`, `WeightClass`, `ActiveNow`) VALUES
(1, 'Ford Transit Custom', 'EA20 GWD', 3400, 0),
(2, 'Mercedes-Benz Sprinter', 'YT18 XTR', 5500, 0),
(3, 'Ford Transit', 'AJ17 CJU', 5000, 0),
(4, 'Volkswagen Transporter', 'KY69 OHF', 2700, 0),
(5, 'Vauxhall Vivaro', 'VA19 KHY', 2800, 0);

# ShiftTypes table
INSERT INTO `tblShiftTypes` (`ShiftTypeID`, `ShiftName`) VALUES 
(1, 'Morning'), (2, 'Afternoon');

# Employees table
INSERT INTO `tblEmployees` (`EmployeeID`, `DriverID`, `VehicleID`, `ShiftTypeID`) VALUES
(1, 1, 1, 1),(2, 2, 2, 1),(3, 3, 3, 1),(4, 4, 4, 1),(5, 5, 5, 1),(6, 6, 1, 2),
(7, 7, 2, 2),(8, 8, 3, 2),(9, 9, 4, 2),(10, 10, 5, 2);

# ParcelStatus table
INSERT INTO `tblParcelStatus` (`ParcelStatusID`, `StatusName`) VALUES 
(1, 'In Storage'), (2, 'Dispatched'), (3, 'Delivered');

# Parcels table
INSERT INTO `tblParcels` (`ParcelID`, `ParcelName`, `Weight`, `ParcelStatusID`) VALUES 
(1, 'Engine', 600, 1),
(2, 'Photocopier', 100, 1),
(3, 'Socks', 2, 1),
(4, 'Cement Mixer', 200, 1),
(5, 'Batteries', 50, 1),
(6, 'Oil Drums', 700, 1),
(7, 'Computers', 100, 1),
(8, 'Coffee Beans', 150, 1),
(9, 'Speakers', 80, 1),
(10, '2x4 Wood Planks', 300, 1),
(11, 'Printers', 250, 1);

# Deliveries table
INSERT INTO `tblDeliveries` (`CurrentDate`, `ParcelID`, `EmployeeID`, `LocationStart`, `LocationEnd`, `TimeDelivered`) VALUES 
('2021-02-01 00:00:00',RAND()*(10-1)+1,1,RAND()*(102-1)+1,RAND()*(102-1)+1,'1899-12-30 09:00:00'),
('2021-02-01 00:00:00',RAND()*(10-1)+1,2,RAND()*(102-1)+1,RAND()*(102-1)+1,'1899-12-30 09:00:00'),
('2021-02-01 00:00:00',RAND()*(10-1)+1,3,RAND()*(102-1)+1,RAND()*(102-1)+1,'1899-12-30 09:00:00'),
('2021-02-01 00:00:00',RAND()*(10-1)+1,4,RAND()*(102-1)+1,RAND()*(102-1)+1,'1899-12-30 09:00:00'),
('2021-02-01 00:00:00',RAND()*(10-1)+1,5,RAND()*(102-1)+1,RAND()*(102-1)+1,'1899-12-30 09:00:00'),
('2021-02-01 00:00:00',RAND()*(10-1)+1,1,RAND()*(102-1)+1,RAND()*(102-1)+1,'1899-12-30 10:00:00'),
('2021-02-01 00:00:00',RAND()*(10-1)+1,2,RAND()*(102-1)+1,RAND()*(102-1)+1,'1899-12-30 10:00:00'),
('2021-02-01 00:00:00',RAND()*(10-1)+1,3,RAND()*(102-1)+1,RAND()*(102-1)+1,'1899-12-30 10:00:00'),
('2021-02-01 00:00:00',RAND()*(10-1)+1,4,RAND()*(102-1)+1,RAND()*(102-1)+1,'1899-12-30 10:00:00'),
('2021-02-01 00:00:00',RAND()*(10-1)+1,5,RAND()*(102-1)+1,RAND()*(102-1)+1,'1899-12-30 10:00:00'),
('2021-02-01 00:00:00',RAND()*(10-1)+1,1,RAND()*(102-1)+1,RAND()*(102-1)+1,'1899-12-30 11:00:00'),
('2021-02-01 00:00:00',RAND()*(10-1)+1,2,RAND()*(102-1)+1,RAND()*(102-1)+1,'1899-12-30 11:00:00'),
('2021-02-01 00:00:00',RAND()*(10-1)+1,3,RAND()*(102-1)+1,RAND()*(102-1)+1,'1899-12-30 11:00:00'),
('2021-02-01 00:00:00',RAND()*(10-1)+1,4,RAND()*(102-1)+1,RAND()*(102-1)+1,'1899-12-30 11:00:00'),
('2021-02-01 00:00:00',RAND()*(10-1)+1,5,RAND()*(102-1)+1,RAND()*(102-1)+1,'1899-12-30 11:00:00'),
('2021-02-01 00:00:00',RAND()*(10-1)+1,6,RAND()*(102-1)+1,RAND()*(102-1)+1,'1899-12-30 13:00:00'),
('2021-02-01 00:00:00',RAND()*(10-1)+1,7,RAND()*(102-1)+1,RAND()*(102-1)+1,'1899-12-30 13:00:00'),
('2021-02-01 00:00:00',RAND()*(10-1)+1,8,RAND()*(102-1)+1,RAND()*(102-1)+1,'1899-12-30 13:00:00'),
('2021-02-01 00:00:00',RAND()*(10-1)+1,9,RAND()*(102-1)+1,RAND()*(102-1)+1,'1899-12-30 13:00:00'),
('2021-02-01 00:00:00',RAND()*(10-1)+1,10,RAND()*(102-1)+1,RAND()*(102-1)+1,'1899-12-30 13:00:00'),
('2021-02-01 00:00:00',RAND()*(10-1)+1,6,RAND()*(102-1)+1,RAND()*(102-1)+1,'1899-12-30 14:00:00'),
('2021-02-01 00:00:00',RAND()*(10-1)+1,7,RAND()*(102-1)+1,RAND()*(102-1)+1,'1899-12-30 14:00:00'),
('2021-02-01 00:00:00',RAND()*(10-1)+1,8,RAND()*(102-1)+1,RAND()*(102-1)+1,'1899-12-30 14:00:00'),
('2021-02-01 00:00:00',RAND()*(10-1)+1,9,RAND()*(102-1)+1,RAND()*(102-1)+1,'1899-12-30 14:00:00'),
('2021-02-01 00:00:00',RAND()*(10-1)+1,10,RAND()*(102-1)+1,RAND()*(102-1)+1,'1899-12-30 14:00:00'),
('2021-02-01 00:00:00',RAND()*(10-1)+1,6,RAND()*(102-1)+1,RAND()*(102-1)+1,'1899-12-30 15:00:00'),
('2021-02-01 00:00:00',RAND()*(10-1)+1,7,RAND()*(102-1)+1,RAND()*(102-1)+1,'1899-12-30 15:00:00'),
('2021-02-01 00:00:00',RAND()*(10-1)+1,8,RAND()*(102-1)+1,RAND()*(102-1)+1,'1899-12-30 15:00:00'),
('2021-02-01 00:00:00',RAND()*(10-1)+1,9,RAND()*(102-1)+1,RAND()*(102-1)+1,'1899-12-30 15:00:00'),
('2021-02-01 00:00:00',RAND()*(10-1)+1,10,RAND()*(102-1)+1,RAND()*(102-1)+1,'1899-12-30 15:00:00'),
('2021-02-01 00:00:00',RAND()*(10-1)+1,6,RAND()*(102-1)+1,RAND()*(102-1)+1,'1899-12-30 16:00:00'),
('2021-02-01 00:00:00',RAND()*(10-1)+1,7,RAND()*(102-1)+1,RAND()*(102-1)+1,'1899-12-30 16:00:00'),
('2021-02-01 00:00:00',RAND()*(10-1)+1,8,RAND()*(102-1)+1,RAND()*(102-1)+1,'1899-12-30 16:00:00'),
('2021-02-01 00:00:00',RAND()*(10-1)+1,9,RAND()*(102-1)+1,RAND()*(102-1)+1,'1899-12-30 16:00:00'),
('2021-02-01 00:00:00',RAND()*(10-1)+1,10,RAND()*(102-1)+1,RAND()*(102-1)+1,'1899-12-30 16:00:00'),
('2021-02-02 00:00:00',RAND()*(10-1)+1,1,RAND()*(102-1)+1,RAND()*(102-1)+1,'1899-12-30 09:00:00'),
('2021-02-02 00:00:00',RAND()*(10-1)+1,2,RAND()*(102-1)+1,RAND()*(102-1)+1,'1899-12-30 09:00:00'),
('2021-02-02 00:00:00',RAND()*(10-1)+1,3,RAND()*(102-1)+1,RAND()*(102-1)+1,'1899-12-30 09:00:00'),
('2021-02-02 00:00:00',RAND()*(10-1)+1,4,RAND()*(102-1)+1,RAND()*(102-1)+1,'1899-12-30 09:00:00'),
('2021-02-02 00:00:00',RAND()*(10-1)+1,5,RAND()*(102-1)+1,RAND()*(102-1)+1,'1899-12-30 09:00:00'),
('2021-02-02 00:00:00',RAND()*(10-1)+1,1,RAND()*(102-1)+1,RAND()*(102-1)+1,'1899-12-30 10:00:00'),
('2021-02-02 00:00:00',RAND()*(10-1)+1,2,RAND()*(102-1)+1,RAND()*(102-1)+1,'1899-12-30 10:00:00'),
('2021-02-02 00:00:00',RAND()*(10-1)+1,3,RAND()*(102-1)+1,RAND()*(102-1)+1,'1899-12-30 10:00:00'),
('2021-02-02 00:00:00',RAND()*(10-1)+1,4,RAND()*(102-1)+1,RAND()*(102-1)+1,'1899-12-30 10:00:00'),
('2021-02-02 00:00:00',RAND()*(10-1)+1,5,RAND()*(102-1)+1,RAND()*(102-1)+1,'1899-12-30 10:00:00'),
('2021-02-02 00:00:00',RAND()*(10-1)+1,1,RAND()*(102-1)+1,RAND()*(102-1)+1,'1899-12-30 11:00:00'),
('2021-02-02 00:00:00',RAND()*(10-1)+1,2,RAND()*(102-1)+1,RAND()*(102-1)+1,'1899-12-30 11:00:00'),
('2021-02-02 00:00:00',RAND()*(10-1)+1,3,RAND()*(102-1)+1,RAND()*(102-1)+1,'1899-12-30 11:00:00'),
('2021-02-02 00:00:00',RAND()*(10-1)+1,4,RAND()*(102-1)+1,RAND()*(102-1)+1,'1899-12-30 11:00:00'),
('2021-02-02 00:00:00',RAND()*(10-1)+1,5,RAND()*(102-1)+1,RAND()*(102-1)+1,'1899-12-30 11:00:00'),
('2021-02-02 00:00:00',RAND()*(10-1)+1,6,RAND()*(102-1)+1,RAND()*(102-1)+1,'1899-12-30 13:00:00'),
('2021-02-02 00:00:00',RAND()*(10-1)+1,7,RAND()*(102-1)+1,RAND()*(102-1)+1,'1899-12-30 13:00:00'),
('2021-02-02 00:00:00',RAND()*(10-1)+1,8,RAND()*(102-1)+1,RAND()*(102-1)+1,'1899-12-30 13:00:00'),
('2021-02-02 00:00:00',RAND()*(10-1)+1,9,RAND()*(102-1)+1,RAND()*(102-1)+1,'1899-12-30 13:00:00'),
('2021-02-02 00:00:00',RAND()*(10-1)+1,10,RAND()*(102-1)+1,RAND()*(102-1)+1,'1899-12-30 13:00:00'),
('2021-02-02 00:00:00',RAND()*(10-1)+1,6,RAND()*(102-1)+1,RAND()*(102-1)+1,'1899-12-30 14:00:00'),
('2021-02-02 00:00:00',RAND()*(10-1)+1,7,RAND()*(102-1)+1,RAND()*(102-1)+1,'1899-12-30 14:00:00'),
('2021-02-02 00:00:00',RAND()*(10-1)+1,8,RAND()*(102-1)+1,RAND()*(102-1)+1,'1899-12-30 14:00:00'),
('2021-02-02 00:00:00',RAND()*(10-1)+1,9,RAND()*(102-1)+1,RAND()*(102-1)+1,'1899-12-30 14:00:00'),
('2021-02-02 00:00:00',RAND()*(10-1)+1,10,RAND()*(102-1)+1,RAND()*(102-1)+1,'1899-12-30 14:00:00'),
('2021-02-02 00:00:00',RAND()*(10-1)+1,6,RAND()*(102-1)+1,RAND()*(102-1)+1,'1899-12-30 15:00:00'),
('2021-02-02 00:00:00',RAND()*(10-1)+1,7,RAND()*(102-1)+1,RAND()*(102-1)+1,'1899-12-30 15:00:00'),
('2021-02-02 00:00:00',RAND()*(10-1)+1,8,RAND()*(102-1)+1,RAND()*(102-1)+1,'1899-12-30 15:00:00'),
('2021-02-02 00:00:00',RAND()*(10-1)+1,9,RAND()*(102-1)+1,RAND()*(102-1)+1,'1899-12-30 15:00:00'),
('2021-02-02 00:00:00',RAND()*(10-1)+1,10,RAND()*(102-1)+1,RAND()*(102-1)+1,'1899-12-30 15:00:00'),
('2021-02-02 00:00:00',RAND()*(10-1)+1,6,RAND()*(102-1)+1,RAND()*(102-1)+1,'1899-12-30 16:00:00'),
('2021-02-02 00:00:00',RAND()*(10-1)+1,7,RAND()*(102-1)+1,RAND()*(102-1)+1,'1899-12-30 16:00:00'),
('2021-02-02 00:00:00',RAND()*(10-1)+1,8,RAND()*(102-1)+1,RAND()*(102-1)+1,'1899-12-30 16:00:00'),
('2021-02-02 00:00:00',RAND()*(10-1)+1,9,RAND()*(102-1)+1,RAND()*(102-1)+1,'1899-12-30 16:00:00'),
('2021-02-02 00:00:00',RAND()*(10-1)+1,10,RAND()*(102-1)+1,RAND()*(102-1)+1,'1899-12-30 16:00:00'),
('2021-02-03 00:00:00',RAND()*(10-1)+1,1,RAND()*(102-1)+1,RAND()*(102-1)+1,'1899-12-30 09:00:00'),
('2021-02-03 00:00:00',RAND()*(10-1)+1,2,RAND()*(102-1)+1,RAND()*(102-1)+1,'1899-12-30 09:00:00'),
('2021-02-03 00:00:00',RAND()*(10-1)+1,3,RAND()*(102-1)+1,RAND()*(102-1)+1,'1899-12-30 09:00:00'),
('2021-02-03 00:00:00',RAND()*(10-1)+1,4,RAND()*(102-1)+1,RAND()*(102-1)+1,'1899-12-30 09:00:00'),
('2021-02-03 00:00:00',RAND()*(10-1)+1,5,RAND()*(102-1)+1,RAND()*(102-1)+1,'1899-12-30 09:00:00'),
('2021-02-03 00:00:00',RAND()*(10-1)+1,1,RAND()*(102-1)+1,RAND()*(102-1)+1,'1899-12-30 10:00:00'),
('2021-02-03 00:00:00',RAND()*(10-1)+1,2,RAND()*(102-1)+1,RAND()*(102-1)+1,'1899-12-30 10:00:00'),
('2021-02-03 00:00:00',RAND()*(10-1)+1,3,RAND()*(102-1)+1,RAND()*(102-1)+1,'1899-12-30 10:00:00'),
('2021-02-03 00:00:00',RAND()*(10-1)+1,4,RAND()*(102-1)+1,RAND()*(102-1)+1,'1899-12-30 10:00:00'),
('2021-02-03 00:00:00',RAND()*(10-1)+1,5,RAND()*(102-1)+1,RAND()*(102-1)+1,'1899-12-30 10:00:00'),
('2021-02-03 00:00:00',RAND()*(10-1)+1,1,RAND()*(102-1)+1,RAND()*(102-1)+1,'1899-12-30 11:00:00'),
('2021-02-03 00:00:00',RAND()*(10-1)+1,2,RAND()*(102-1)+1,RAND()*(102-1)+1,'1899-12-30 11:00:00'),
('2021-02-03 00:00:00',RAND()*(10-1)+1,3,RAND()*(102-1)+1,RAND()*(102-1)+1,'1899-12-30 11:00:00'),
('2021-02-03 00:00:00',RAND()*(10-1)+1,4,RAND()*(102-1)+1,RAND()*(102-1)+1,'1899-12-30 11:00:00'),
('2021-02-03 00:00:00',RAND()*(10-1)+1,5,RAND()*(102-1)+1,RAND()*(102-1)+1,'1899-12-30 11:00:00'),
('2021-02-03 00:00:00',RAND()*(10-1)+1,6,RAND()*(102-1)+1,RAND()*(102-1)+1,'1899-12-30 13:00:00'),
('2021-02-03 00:00:00',RAND()*(10-1)+1,7,RAND()*(102-1)+1,RAND()*(102-1)+1,'1899-12-30 13:00:00'),
('2021-02-03 00:00:00',RAND()*(10-1)+1,8,RAND()*(102-1)+1,RAND()*(102-1)+1,'1899-12-30 13:00:00'),
('2021-02-03 00:00:00',RAND()*(10-1)+1,9,RAND()*(102-1)+1,RAND()*(102-1)+1,'1899-12-30 13:00:00'),
('2021-02-03 00:00:00',RAND()*(10-1)+1,10,RAND()*(102-1)+1,RAND()*(102-1)+1,'1899-12-30 13:00:00'),
('2021-02-03 00:00:00',RAND()*(10-1)+1,6,RAND()*(102-1)+1,RAND()*(102-1)+1,'1899-12-30 14:00:00'),
('2021-02-03 00:00:00',RAND()*(10-1)+1,7,RAND()*(102-1)+1,RAND()*(102-1)+1,'1899-12-30 14:00:00'),
('2021-02-03 00:00:00',RAND()*(10-1)+1,8,RAND()*(102-1)+1,RAND()*(102-1)+1,'1899-12-30 14:00:00'),
('2021-02-03 00:00:00',RAND()*(10-1)+1,9,RAND()*(102-1)+1,RAND()*(102-1)+1,'1899-12-30 14:00:00'),
('2021-02-03 00:00:00',RAND()*(10-1)+1,10,RAND()*(102-1)+1,RAND()*(102-1)+1,'1899-12-30 14:00:00'),
('2021-02-03 00:00:00',RAND()*(10-1)+1,6,RAND()*(102-1)+1,RAND()*(102-1)+1,'1899-12-30 15:00:00'),
('2021-02-03 00:00:00',RAND()*(10-1)+1,7,RAND()*(102-1)+1,RAND()*(102-1)+1,'1899-12-30 15:00:00'),
('2021-02-03 00:00:00',RAND()*(10-1)+1,8,RAND()*(102-1)+1,RAND()*(102-1)+1,'1899-12-30 15:00:00'),
('2021-02-03 00:00:00',RAND()*(10-1)+1,9,RAND()*(102-1)+1,RAND()*(102-1)+1,'1899-12-30 15:00:00'),
('2021-02-03 00:00:00',RAND()*(10-1)+1,10,RAND()*(102-1)+1,RAND()*(102-1)+1,'1899-12-30 15:00:00'),
('2021-02-03 00:00:00',RAND()*(10-1)+1,6,RAND()*(102-1)+1,RAND()*(102-1)+1,'1899-12-30 16:00:00'),
('2021-02-03 00:00:00',RAND()*(10-1)+1,7,RAND()*(102-1)+1,RAND()*(102-1)+1,'1899-12-30 16:00:00'),
('2021-02-03 00:00:00',RAND()*(10-1)+1,8,RAND()*(102-1)+1,RAND()*(102-1)+1,'1899-12-30 16:00:00'),
('2021-02-03 00:00:00',RAND()*(10-1)+1,9,RAND()*(102-1)+1,RAND()*(102-1)+1,'1899-12-30 16:00:00'),
('2021-02-03 00:00:00',RAND()*(10-1)+1,10,RAND()*(102-1)+1,RAND()*(102-1)+1,'1899-12-30 16:00:00'),
('2021-02-04 00:00:00',RAND()*(10-1)+1,1,RAND()*(102-1)+1,RAND()*(102-1)+1,'1899-12-30 09:00:00'),
('2021-02-04 00:00:00',RAND()*(10-1)+1,2,RAND()*(102-1)+1,RAND()*(102-1)+1,'1899-12-30 09:00:00'),
('2021-02-04 00:00:00',RAND()*(10-1)+1,3,RAND()*(102-1)+1,RAND()*(102-1)+1,'1899-12-30 09:00:00'),
('2021-02-04 00:00:00',RAND()*(10-1)+1,4,RAND()*(102-1)+1,RAND()*(102-1)+1,'1899-12-30 09:00:00'),
('2021-02-04 00:00:00',RAND()*(10-1)+1,5,RAND()*(102-1)+1,RAND()*(102-1)+1,'1899-12-30 09:00:00'),
('2021-02-04 00:00:00',RAND()*(10-1)+1,1,RAND()*(102-1)+1,RAND()*(102-1)+1,'1899-12-30 10:00:00'),
('2021-02-04 00:00:00',RAND()*(10-1)+1,2,RAND()*(102-1)+1,RAND()*(102-1)+1,'1899-12-30 10:00:00'),
('2021-02-04 00:00:00',RAND()*(10-1)+1,3,RAND()*(102-1)+1,RAND()*(102-1)+1,'1899-12-30 10:00:00'),
('2021-02-04 00:00:00',RAND()*(10-1)+1,4,RAND()*(102-1)+1,RAND()*(102-1)+1,'1899-12-30 10:00:00'),
('2021-02-04 00:00:00',RAND()*(10-1)+1,5,RAND()*(102-1)+1,RAND()*(102-1)+1,'1899-12-30 10:00:00'),
('2021-02-04 00:00:00',RAND()*(10-1)+1,1,RAND()*(102-1)+1,RAND()*(102-1)+1,'1899-12-30 11:00:00'),
('2021-02-04 00:00:00',RAND()*(10-1)+1,2,RAND()*(102-1)+1,RAND()*(102-1)+1,'1899-12-30 11:00:00'),
('2021-02-04 00:00:00',RAND()*(10-1)+1,3,RAND()*(102-1)+1,RAND()*(102-1)+1,'1899-12-30 11:00:00'),
('2021-02-04 00:00:00',RAND()*(10-1)+1,4,RAND()*(102-1)+1,RAND()*(102-1)+1,'1899-12-30 11:00:00'),
('2021-02-04 00:00:00',RAND()*(10-1)+1,5,RAND()*(102-1)+1,RAND()*(102-1)+1,'1899-12-30 11:00:00'),
('2021-02-04 00:00:00',RAND()*(10-1)+1,6,RAND()*(102-1)+1,RAND()*(102-1)+1,'1899-12-30 13:00:00'),
('2021-02-04 00:00:00',RAND()*(10-1)+1,7,RAND()*(102-1)+1,RAND()*(102-1)+1,'1899-12-30 13:00:00'),
('2021-02-04 00:00:00',RAND()*(10-1)+1,8,RAND()*(102-1)+1,RAND()*(102-1)+1,'1899-12-30 13:00:00'),
('2021-02-04 00:00:00',RAND()*(10-1)+1,9,RAND()*(102-1)+1,RAND()*(102-1)+1,'1899-12-30 13:00:00'),
('2021-02-04 00:00:00',RAND()*(10-1)+1,10,RAND()*(102-1)+1,RAND()*(102-1)+1,'1899-12-30 13:00:00'),
('2021-02-04 00:00:00',RAND()*(10-1)+1,6,RAND()*(102-1)+1,RAND()*(102-1)+1,'1899-12-30 14:00:00'),
('2021-02-04 00:00:00',RAND()*(10-1)+1,7,RAND()*(102-1)+1,RAND()*(102-1)+1,'1899-12-30 14:00:00'),
('2021-02-04 00:00:00',RAND()*(10-1)+1,8,RAND()*(102-1)+1,RAND()*(102-1)+1,'1899-12-30 14:00:00'),
('2021-02-04 00:00:00',RAND()*(10-1)+1,9,RAND()*(102-1)+1,RAND()*(102-1)+1,'1899-12-30 14:00:00'),
('2021-02-04 00:00:00',RAND()*(10-1)+1,10,RAND()*(102-1)+1,RAND()*(102-1)+1,'1899-12-30 14:00:00'),
('2021-02-04 00:00:00',RAND()*(10-1)+1,6,RAND()*(102-1)+1,RAND()*(102-1)+1,'1899-12-30 15:00:00'),
('2021-02-04 00:00:00',RAND()*(10-1)+1,7,RAND()*(102-1)+1,RAND()*(102-1)+1,'1899-12-30 15:00:00'),
('2021-02-04 00:00:00',RAND()*(10-1)+1,8,RAND()*(102-1)+1,RAND()*(102-1)+1,'1899-12-30 15:00:00'),
('2021-02-04 00:00:00',RAND()*(10-1)+1,9,RAND()*(102-1)+1,RAND()*(102-1)+1,'1899-12-30 15:00:00'),
('2021-02-04 00:00:00',RAND()*(10-1)+1,10,RAND()*(102-1)+1,RAND()*(102-1)+1,'1899-12-30 15:00:00'),
('2021-02-04 00:00:00',RAND()*(10-1)+1,6,RAND()*(102-1)+1,RAND()*(102-1)+1,'1899-12-30 16:00:00'),
('2021-02-04 00:00:00',RAND()*(10-1)+1,7,RAND()*(102-1)+1,RAND()*(102-1)+1,'1899-12-30 16:00:00'),
('2021-02-04 00:00:00',RAND()*(10-1)+1,8,RAND()*(102-1)+1,RAND()*(102-1)+1,'1899-12-30 16:00:00'),
('2021-02-04 00:00:00',RAND()*(10-1)+1,9,RAND()*(102-1)+1,RAND()*(102-1)+1,'1899-12-30 16:00:00'),
('2021-02-04 00:00:00',RAND()*(10-1)+1,10,RAND()*(102-1)+1,RAND()*(102-1)+1,'1899-12-30 16:00:00'),
('2021-02-05 00:00:00',RAND()*(10-1)+1,1,RAND()*(102-1)+1,RAND()*(102-1)+1,'1899-12-30 09:00:00'),
('2021-02-05 00:00:00',RAND()*(10-1)+1,2,RAND()*(102-1)+1,RAND()*(102-1)+1,'1899-12-30 09:00:00'),
('2021-02-05 00:00:00',RAND()*(10-1)+1,3,RAND()*(102-1)+1,RAND()*(102-1)+1,'1899-12-30 09:00:00'),
('2021-02-05 00:00:00',RAND()*(10-1)+1,4,RAND()*(102-1)+1,RAND()*(102-1)+1,'1899-12-30 09:00:00'),
('2021-02-05 00:00:00',RAND()*(10-1)+1,5,RAND()*(102-1)+1,RAND()*(102-1)+1,'1899-12-30 09:00:00'),
('2021-02-05 00:00:00',RAND()*(10-1)+1,1,RAND()*(102-1)+1,RAND()*(102-1)+1,'1899-12-30 10:00:00'),
('2021-02-05 00:00:00',RAND()*(10-1)+1,2,RAND()*(102-1)+1,RAND()*(102-1)+1,'1899-12-30 10:00:00'),
('2021-02-05 00:00:00',RAND()*(10-1)+1,3,RAND()*(102-1)+1,RAND()*(102-1)+1,'1899-12-30 10:00:00'),
('2021-02-05 00:00:00',RAND()*(10-1)+1,4,RAND()*(102-1)+1,RAND()*(102-1)+1,'1899-12-30 10:00:00'),
('2021-02-05 00:00:00',RAND()*(10-1)+1,5,RAND()*(102-1)+1,RAND()*(102-1)+1,'1899-12-30 10:00:00'),
('2021-02-05 00:00:00',RAND()*(10-1)+1,1,RAND()*(102-1)+1,RAND()*(102-1)+1,'1899-12-30 11:00:00'),
('2021-02-05 00:00:00',RAND()*(10-1)+1,2,RAND()*(102-1)+1,RAND()*(102-1)+1,'1899-12-30 11:00:00'),
('2021-02-05 00:00:00',RAND()*(10-1)+1,3,RAND()*(102-1)+1,RAND()*(102-1)+1,'1899-12-30 11:00:00'),
('2021-02-05 00:00:00',RAND()*(10-1)+1,4,RAND()*(102-1)+1,RAND()*(102-1)+1,'1899-12-30 11:00:00'),
('2021-02-05 00:00:00',RAND()*(10-1)+1,5,RAND()*(102-1)+1,RAND()*(102-1)+1,'1899-12-30 11:00:00'),
('2021-02-05 00:00:00',RAND()*(10-1)+1,6,RAND()*(102-1)+1,RAND()*(102-1)+1,'1899-12-30 13:00:00'),
('2021-02-05 00:00:00',RAND()*(10-1)+1,7,RAND()*(102-1)+1,RAND()*(102-1)+1,'1899-12-30 13:00:00'),
('2021-02-05 00:00:00',RAND()*(10-1)+1,8,RAND()*(102-1)+1,RAND()*(102-1)+1,'1899-12-30 13:00:00'),
('2021-02-05 00:00:00',RAND()*(10-1)+1,9,RAND()*(102-1)+1,RAND()*(102-1)+1,'1899-12-30 13:00:00'),
('2021-02-05 00:00:00',RAND()*(10-1)+1,10,RAND()*(102-1)+1,RAND()*(102-1)+1,'1899-12-30 13:00:00'),
('2021-02-05 00:00:00',RAND()*(10-1)+1,6,RAND()*(102-1)+1,RAND()*(102-1)+1,'1899-12-30 14:00:00'),
('2021-02-05 00:00:00',RAND()*(10-1)+1,7,RAND()*(102-1)+1,RAND()*(102-1)+1,'1899-12-30 14:00:00'),
('2021-02-05 00:00:00',RAND()*(10-1)+1,8,RAND()*(102-1)+1,RAND()*(102-1)+1,'1899-12-30 14:00:00'),
('2021-02-05 00:00:00',RAND()*(10-1)+1,9,RAND()*(102-1)+1,RAND()*(102-1)+1,'1899-12-30 14:00:00'),
('2021-02-05 00:00:00',RAND()*(10-1)+1,10,RAND()*(102-1)+1,RAND()*(102-1)+1,'1899-12-30 14:00:00'),
('2021-02-05 00:00:00',RAND()*(10-1)+1,6,RAND()*(102-1)+1,RAND()*(102-1)+1,'1899-12-30 15:00:00'),
('2021-02-05 00:00:00',RAND()*(10-1)+1,7,RAND()*(102-1)+1,RAND()*(102-1)+1,'1899-12-30 15:00:00'),
('2021-02-05 00:00:00',RAND()*(10-1)+1,8,RAND()*(102-1)+1,RAND()*(102-1)+1,'1899-12-30 15:00:00'),
('2021-02-05 00:00:00',RAND()*(10-1)+1,9,RAND()*(102-1)+1,RAND()*(102-1)+1,'1899-12-30 15:00:00'),
('2021-02-05 00:00:00',RAND()*(10-1)+1,10,RAND()*(102-1)+1,RAND()*(102-1)+1,'1899-12-30 15:00:00'),
('2021-02-05 00:00:00',RAND()*(10-1)+1,6,RAND()*(102-1)+1,RAND()*(102-1)+1,'1899-12-30 16:00:00'),
('2021-02-05 00:00:00',RAND()*(10-1)+1,7,RAND()*(102-1)+1,RAND()*(102-1)+1,'1899-12-30 16:00:00'),
('2021-02-05 00:00:00',RAND()*(10-1)+1,8,RAND()*(102-1)+1,RAND()*(102-1)+1,'1899-12-30 16:00:00'),
('2021-02-05 00:00:00',RAND()*(10-1)+1,9,RAND()*(102-1)+1,RAND()*(102-1)+1,'1899-12-30 16:00:00'),
('2021-02-05 00:00:00',RAND()*(10-1)+1,10,RAND()*(102-1)+1,RAND()*(102-1)+1,'1899-12-30 16:00:00'),
('2021-02-08 00:00:00',RAND()*(10-1)+1,1,RAND()*(102-1)+1,RAND()*(102-1)+1,'1899-12-30 09:00:00'),
('2021-02-08 00:00:00',RAND()*(10-1)+1,2,RAND()*(102-1)+1,RAND()*(102-1)+1,'1899-12-30 09:00:00'),
('2021-02-08 00:00:00',RAND()*(10-1)+1,3,RAND()*(102-1)+1,RAND()*(102-1)+1,'1899-12-30 09:00:00'),
('2021-02-08 00:00:00',RAND()*(10-1)+1,4,RAND()*(102-1)+1,RAND()*(102-1)+1,'1899-12-30 09:00:00'),
('2021-02-08 00:00:00',RAND()*(10-1)+1,5,RAND()*(102-1)+1,RAND()*(102-1)+1,'1899-12-30 09:00:00'),
('2021-02-08 00:00:00',RAND()*(10-1)+1,1,RAND()*(102-1)+1,RAND()*(102-1)+1,'1899-12-30 10:00:00'),
('2021-02-08 00:00:00',RAND()*(10-1)+1,2,RAND()*(102-1)+1,RAND()*(102-1)+1,'1899-12-30 10:00:00'),
('2021-02-08 00:00:00',RAND()*(10-1)+1,3,RAND()*(102-1)+1,RAND()*(102-1)+1,'1899-12-30 10:00:00'),
('2021-02-08 00:00:00',RAND()*(10-1)+1,4,RAND()*(102-1)+1,RAND()*(102-1)+1,'1899-12-30 10:00:00'),
('2021-02-08 00:00:00',RAND()*(10-1)+1,5,RAND()*(102-1)+1,RAND()*(102-1)+1,'1899-12-30 10:00:00'),
('2021-02-08 00:00:00',RAND()*(10-1)+1,1,RAND()*(102-1)+1,RAND()*(102-1)+1,'1899-12-30 11:00:00'),
('2021-02-08 00:00:00',RAND()*(10-1)+1,2,RAND()*(102-1)+1,RAND()*(102-1)+1,'1899-12-30 11:00:00'),
('2021-02-08 00:00:00',RAND()*(10-1)+1,3,RAND()*(102-1)+1,RAND()*(102-1)+1,'1899-12-30 11:00:00'),
('2021-02-08 00:00:00',RAND()*(10-1)+1,4,RAND()*(102-1)+1,RAND()*(102-1)+1,'1899-12-30 11:00:00'),
('2021-02-08 00:00:00',RAND()*(10-1)+1,5,RAND()*(102-1)+1,RAND()*(102-1)+1,'1899-12-30 11:00:00'),
('2021-02-08 00:00:00',RAND()*(10-1)+1,6,RAND()*(102-1)+1,RAND()*(102-1)+1,'1899-12-30 13:00:00'),
('2021-02-08 00:00:00',RAND()*(10-1)+1,7,RAND()*(102-1)+1,RAND()*(102-1)+1,'1899-12-30 13:00:00'),
('2021-02-08 00:00:00',RAND()*(10-1)+1,8,RAND()*(102-1)+1,RAND()*(102-1)+1,'1899-12-30 13:00:00'),
('2021-02-08 00:00:00',RAND()*(10-1)+1,9,RAND()*(102-1)+1,RAND()*(102-1)+1,'1899-12-30 13:00:00'),
('2021-02-08 00:00:00',RAND()*(10-1)+1,10,RAND()*(102-1)+1,RAND()*(102-1)+1,'1899-12-30 13:00:00'),
('2021-02-08 00:00:00',RAND()*(10-1)+1,6,RAND()*(102-1)+1,RAND()*(102-1)+1,'1899-12-30 14:00:00'),
('2021-02-08 00:00:00',RAND()*(10-1)+1,7,RAND()*(102-1)+1,RAND()*(102-1)+1,'1899-12-30 14:00:00'),
('2021-02-08 00:00:00',RAND()*(10-1)+1,8,RAND()*(102-1)+1,RAND()*(102-1)+1,'1899-12-30 14:00:00'),
('2021-02-08 00:00:00',RAND()*(10-1)+1,9,RAND()*(102-1)+1,RAND()*(102-1)+1,'1899-12-30 14:00:00'),
('2021-02-08 00:00:00',RAND()*(10-1)+1,10,RAND()*(102-1)+1,RAND()*(102-1)+1,'1899-12-30 14:00:00'),
('2021-02-08 00:00:00',RAND()*(10-1)+1,6,RAND()*(102-1)+1,RAND()*(102-1)+1,'1899-12-30 15:00:00'),
('2021-02-08 00:00:00',RAND()*(10-1)+1,7,RAND()*(102-1)+1,RAND()*(102-1)+1,'1899-12-30 15:00:00'),
('2021-02-08 00:00:00',RAND()*(10-1)+1,8,RAND()*(102-1)+1,RAND()*(102-1)+1,'1899-12-30 15:00:00'),
('2021-02-08 00:00:00',RAND()*(10-1)+1,9,RAND()*(102-1)+1,RAND()*(102-1)+1,'1899-12-30 15:00:00'),
('2021-02-08 00:00:00',RAND()*(10-1)+1,10,RAND()*(102-1)+1,RAND()*(102-1)+1,'1899-12-30 15:00:00'),
('2021-02-08 00:00:00',RAND()*(10-1)+1,6,RAND()*(102-1)+1,RAND()*(102-1)+1,'1899-12-30 16:00:00'),
('2021-02-08 00:00:00',RAND()*(10-1)+1,7,RAND()*(102-1)+1,RAND()*(102-1)+1,'1899-12-30 16:00:00'),
('2021-02-08 00:00:00',RAND()*(10-1)+1,8,RAND()*(102-1)+1,RAND()*(102-1)+1,'1899-12-30 16:00:00'),
('2021-02-08 00:00:00',RAND()*(10-1)+1,9,RAND()*(102-1)+1,RAND()*(102-1)+1,'1899-12-30 16:00:00'),
('2021-02-08 00:00:00',RAND()*(10-1)+1,10,RAND()*(102-1)+1,RAND()*(102-1)+1,'1899-12-30 16:00:00'),
('2021-02-09 00:00:00',RAND()*(10-1)+1,1,RAND()*(102-1)+1,RAND()*(102-1)+1,'1899-12-30 09:00:00'),
('2021-02-09 00:00:00',RAND()*(10-1)+1,2,RAND()*(102-1)+1,RAND()*(102-1)+1,'1899-12-30 09:00:00'),
('2021-02-09 00:00:00',RAND()*(10-1)+1,3,RAND()*(102-1)+1,RAND()*(102-1)+1,'1899-12-30 09:00:00'),
('2021-02-09 00:00:00',RAND()*(10-1)+1,4,RAND()*(102-1)+1,RAND()*(102-1)+1,'1899-12-30 09:00:00'),
('2021-02-09 00:00:00',RAND()*(10-1)+1,5,RAND()*(102-1)+1,RAND()*(102-1)+1,'1899-12-30 09:00:00'),
('2021-02-09 00:00:00',RAND()*(10-1)+1,1,RAND()*(102-1)+1,RAND()*(102-1)+1,'1899-12-30 10:00:00'),
('2021-02-09 00:00:00',RAND()*(10-1)+1,2,RAND()*(102-1)+1,RAND()*(102-1)+1,'1899-12-30 10:00:00'),
('2021-02-09 00:00:00',RAND()*(10-1)+1,3,RAND()*(102-1)+1,RAND()*(102-1)+1,'1899-12-30 10:00:00'),
('2021-02-09 00:00:00',RAND()*(10-1)+1,4,RAND()*(102-1)+1,RAND()*(102-1)+1,'1899-12-30 10:00:00'),
('2021-02-09 00:00:00',RAND()*(10-1)+1,5,RAND()*(102-1)+1,RAND()*(102-1)+1,'1899-12-30 10:00:00'),
('2021-02-09 00:00:00',RAND()*(10-1)+1,1,RAND()*(102-1)+1,RAND()*(102-1)+1,'1899-12-30 11:00:00'),
('2021-02-09 00:00:00',RAND()*(10-1)+1,2,RAND()*(102-1)+1,RAND()*(102-1)+1,'1899-12-30 11:00:00'),
('2021-02-09 00:00:00',RAND()*(10-1)+1,3,RAND()*(102-1)+1,RAND()*(102-1)+1,'1899-12-30 11:00:00'),
('2021-02-09 00:00:00',RAND()*(10-1)+1,4,RAND()*(102-1)+1,RAND()*(102-1)+1,'1899-12-30 11:00:00'),
('2021-02-09 00:00:00',RAND()*(10-1)+1,5,RAND()*(102-1)+1,RAND()*(102-1)+1,'1899-12-30 11:00:00'),
('2021-02-09 00:00:00',RAND()*(10-1)+1,6,RAND()*(102-1)+1,RAND()*(102-1)+1,'1899-12-30 13:00:00'),
('2021-02-09 00:00:00',RAND()*(10-1)+1,7,RAND()*(102-1)+1,RAND()*(102-1)+1,'1899-12-30 13:00:00'),
('2021-02-09 00:00:00',RAND()*(10-1)+1,8,RAND()*(102-1)+1,RAND()*(102-1)+1,'1899-12-30 13:00:00'),
('2021-02-09 00:00:00',RAND()*(10-1)+1,9,RAND()*(102-1)+1,RAND()*(102-1)+1,'1899-12-30 13:00:00'),
('2021-02-09 00:00:00',RAND()*(10-1)+1,10,RAND()*(102-1)+1,RAND()*(102-1)+1,'1899-12-30 13:00:00'),
('2021-02-09 00:00:00',RAND()*(10-1)+1,6,RAND()*(102-1)+1,RAND()*(102-1)+1,'1899-12-30 14:00:00'),
('2021-02-09 00:00:00',RAND()*(10-1)+1,7,RAND()*(102-1)+1,RAND()*(102-1)+1,'1899-12-30 14:00:00'),
('2021-02-09 00:00:00',RAND()*(10-1)+1,8,RAND()*(102-1)+1,RAND()*(102-1)+1,'1899-12-30 14:00:00'),
('2021-02-09 00:00:00',RAND()*(10-1)+1,9,RAND()*(102-1)+1,RAND()*(102-1)+1,'1899-12-30 14:00:00'),
('2021-02-09 00:00:00',RAND()*(10-1)+1,10,RAND()*(102-1)+1,RAND()*(102-1)+1,'1899-12-30 14:00:00'),
('2021-02-09 00:00:00',RAND()*(10-1)+1,6,RAND()*(102-1)+1,RAND()*(102-1)+1,'1899-12-30 15:00:00'),
('2021-02-09 00:00:00',RAND()*(10-1)+1,7,RAND()*(102-1)+1,RAND()*(102-1)+1,'1899-12-30 15:00:00'),
('2021-02-09 00:00:00',RAND()*(10-1)+1,8,RAND()*(102-1)+1,RAND()*(102-1)+1,'1899-12-30 15:00:00'),
('2021-02-09 00:00:00',RAND()*(10-1)+1,9,RAND()*(102-1)+1,RAND()*(102-1)+1,'1899-12-30 15:00:00'),
('2021-02-09 00:00:00',RAND()*(10-1)+1,10,RAND()*(102-1)+1,RAND()*(102-1)+1,'1899-12-30 15:00:00'),
('2021-02-09 00:00:00',RAND()*(10-1)+1,6,RAND()*(102-1)+1,RAND()*(102-1)+1,'1899-12-30 16:00:00'),
('2021-02-09 00:00:00',RAND()*(10-1)+1,7,RAND()*(102-1)+1,RAND()*(102-1)+1,'1899-12-30 16:00:00'),
('2021-02-09 00:00:00',RAND()*(10-1)+1,8,RAND()*(102-1)+1,RAND()*(102-1)+1,'1899-12-30 16:00:00'),
('2021-02-09 00:00:00',RAND()*(10-1)+1,9,RAND()*(102-1)+1,RAND()*(102-1)+1,'1899-12-30 16:00:00'),
('2021-02-09 00:00:00',RAND()*(10-1)+1,10,RAND()*(102-1)+1,RAND()*(102-1)+1,'1899-12-30 16:00:00');

DELIMITER //

CREATE PROCEDURE `GetDriverLocation`(IN `EID` INT(11), IN `CDATE` DATE, IN `CTIME` VARCHAR(12))
BEGIN
	SELECT EmployeeID, CurrentDate, LocationEnd, TimeDelivered
	FROM tbldeliveries
	WHERE EmployeeID = EID AND CurrentDate = CDATE AND TimeDelivered = CONVERT(CTIME, TIME);
END//

-- CALL `GetDriverLocation`(2, '2021-02-04', '11:00:00');

CREATE PROCEDURE `GetDeliveries`(IN `EID` INT(11), IN `CDATE` DATE)
BEGIN
	SELECT EmployeeID, COUNT(*) as Deliveries, CurrentDate
	FROM tbldeliveries
	INNER JOIN tblEmployees USING(EmployeeID)
	WHERE EmployeeID = EID AND CurrentDate = CDATE;
END//

-- CALL `GetDeliveries`(7, '2021-02-03');

CREATE PROCEDURE `GetAllDrivers`()
BEGIN
	SELECT *  FROM tbldrivers;
END//

-- CALL GetAllDrivers;

CREATE PROCEDURE `GetMorningDrivers`()
BEGIN
	SELECT tbldrivers.FirstName, tbldrivers.LastName, tblemployees.EmployeeID, tblemployees.ShiftTypeID
	FROM `tbldrivers`
	INNER JOIN tblemployees ON tbldrivers.DriverID = tblemployees.DriverID
	WHERE tblemployees.ShiftTypeID = 1;
END//

-- CALL GetMorningDrivers;

DELIMITER ;
